{
  "project_info": {
    "project_number": "369102203295",
    "firebase_url": "https://tutorial1-aa6cf.firebaseio.com",
    "project_id": "tutorial1-aa6cf",
    "storage_bucket": "tutorial1-aa6cf.appspot.com"
  },
  "client": [
    {
      "client_info": {
        "mobilesdk_app_id": "1:369102203295:android:9c272239131e9f32",
        "android_client_info": {
          "package_name": "com.example.tutorial1"
        }
      },
      "oauth_client": [
        {
          "client_id": "369102203295-veg5vbsm47mf31a6opbb1r2tgcip62js.apps.googleusercontent.com",
          "client_type": 1,
          "android_info": {
            "package_name": "com.example.tutorial1",
            "certificate_hash": "c5e2282782b90e77880a142d31087a55028bf064"
          }
        },
        {
          "client_id": "369102203295-jl2khsbd1qot89v01hi89gfu0a4cml7q.apps.googleusercontent.com",
          "client_type": 3
        }
      ],
      "api_key": [
        {
          "current_key": "AIzaSyAGh9X6T3hrubkFdBVZSkBOIGtGiVPucJo"
        }
      ],
      "services": {
        "appinvite_service": {
          "other_platform_oauth_client": [
            {
              "client_id": "369102203295-jl2khsbd1qot89v01hi89gfu0a4cml7q.apps.googleusercontent.com",
              "client_type": 3
            }
          ]
        }
      }
    }
  ],
  "configuration_version": "1"
}